objID,ra,dec,r,u,g,i,z,u_r,g_r,g_i,r_i,r_z,photoz,radmpc,vel
1237651737380782156,210.220161438876,3.00240632313239,19.63123,24.78987,21.04242,19.20779,18.89601,5.158634,1.41119,1.834631,0.4234409,0.735218,0.274616,1.84177113956418,71348.3454472821
1237651737380782231,210.132481601206,2.91200199161681,17.5213,21.21285,18.88996,17.0215,16.69408,3.691555,1.368664,1.868464,0.4997997,0.8272152,0.208612,1.85065478379251,56132.3339396887
1237651737380782232,210.129975242717,2.9130756870724,18.54442,22.41393,20.04988,18.00282,17.60381,3.869511,1.505455,2.047058,0.5416031,0.9406109,0.262671,1.88891636217218,68679.5856295184
1237651737380782310,210.189180017285,2.96144604090892,19.34302,22.28129,20.68834,18.8337,18.44859,2.938267,1.345324,1.854647,0.5093231,0.8944321,0.286757,1.53513017194425,74023.326660593
1237651737380782311,210.190700250517,2.96277870726352,22.80993,24.65695,24.30706,23.41458,22.13988,1.847015,1.497122,0.892477,-0.6046448,0.6700554,0.273536,1.53608737511311,71108.5568724863
1237651737380782324,210.206021559217,2.91441234108419,19.24081,23.12401,20.74973,18.72031,18.42153,3.883194,1.508923,2.029423,0.5205002,0.8192863,0.287225,0.903688087278343,74125.6906897062
1237651737380782421,210.215967655072,2.93228278499394,18.26881,22.01015,19.6753,17.70516,17.36033,3.741343,1.406487,1.970133,0.5636463,0.9084759,0.239094,0.974339046852967,63302.8321355886
1237651737380782423,210.223341388129,2.94561848511701,18.45038,21.76457,19.92038,17.92481,17.55425,3.31419,1.470003,1.995569,0.5255661,0.8961277,0.255499,1.07647098743413,67059.4324354174
1237651737380782429,210.237910951271,2.89502957048675,18.42053,21.65667,19.84615,17.95259,17.61979,3.236137,1.425615,1.893557,0.4679413,0.8007393,0.24598,0.376294075997001,64888.304888957
1237651737380782430,210.235020655678,2.89340470037479,18.54693,22.93266,20.08491,17.93626,17.52429,4.385725,1.537981,2.148655,0.6106739,1.022636,0.275315,0.396290560230208,71503.3865653099
1237651737380782442,210.242927278366,3.00561512602425,18.73612,21.7489,20.0549,18.25037,17.87714,3.012777,1.318775,1.804525,0.4857502,0.8589802,0.226939,1.81838890523393,60473.4313601866
1237651737380782447,210.246114651507,2.93364934655141,17.96547,21.42616,19.4524,17.46445,17.0873,3.460693,1.486938,1.987951,0.5010128,0.8781624,0.24511,0.803088881089669,64688.6853803554
1237651737380782462,210.2531334125,2.90403798365175,17.96029,22.57366,19.48085,17.49157,17.15558,4.613367,1.520563,1.989283,0.4687195,0.8047123,0.250145,0.371212013110403,65841.1885274009
1237651737380782463,210.255396745018,2.9710598385554,19.21575,23.36893,20.56994,18.67662,18.27808,4.153181,1.354193,1.893324,0.5391312,0.9376659,0.244488,1.31502287255246,64545.8368748775
1237651737380782466,210.264482667194,2.89736424986742,18.68084,22.31056,20.22126,18.15366,17.80787,3.629725,1.540422,2.067598,0.5271759,0.8729687,0.275623,0.280683278692096,71571.6399340963
1237651737380782469,210.268704212537,2.90683442157704,18.21904,23.17339,19.67838,17.71285,17.33867,4.95435,1.459339,1.965521,0.5061817,0.8803616,0.243282,0.427135447699171,64268.5816714754
1237651737380782470,210.266762315243,2.90573664829917,19.01465,22.94006,20.5007,18.48031,18.03943,3.925407,1.486048,2.020386,0.534338,0.9752178,0.279077,0.403786914149747,72335.6112075491
1237651737380782483,210.246142985971,3.01315215451548,19.18075,22.12693,20.37643,18.67812,18.41322,2.946177,1.195681,1.698318,0.5026379,0.7675362,0.218164,1.91986702599063,58406.2285644571
1237651737380782528,210.166026957654,2.92047740366176,19.56211,22.47118,20.86953,19.0364,18.64203,2.909061,1.307415,1.833134,0.5257187,0.9200859,0.290766,1.4419198060401,74898.3737212243
1237651737380782547,210.191213057507,2.92123633106755,22.20297,20.85048,25.20705,23.71928,25.79229,-1.352482,3.004087,1.487778,-1.51631,-3.589321,0.28822,1.1322954919782,74343.1142653546
1237651737380782563,210.226635770068,2.93792877782557,18.95641,21.10531,19.97279,18.44386,18.11576,2.148907,1.016382,1.528934,0.5125523,0.8406448,0.228438,0.958170900746464,60824.5084261628
1237651737380782571,210.236142552801,2.91046371485361,19.4146,21.33905,20.25563,19.00721,18.70994,1.924446,0.8410301,1.248426,0.4073963,0.7046661,0.226977,0.554918148189654,60482.3448556588
1237651737380782573,210.225159231458,2.90715002644383,20.25035,24.05511,21.73647,19.74792,19.42819,3.804762,1.486118,1.988552,0.5024338,0.8221588,0.298001,0.625285110480326,76467.2891199748
1237651737380782582,210.225506378809,2.90249046342377,20.96473,22.48078,21.48717,20.75082,20.74493,1.516047,0.5224438,0.7363491,0.2139053,0.219799,0.226367,0.580398328200889,60339.3189025232
1237651737380782636,210.129668513307,2.90947866316012,19.78347,22.9848,21.11839,19.19703,18.85471,3.201332,1.334927,1.921366,0.5864391,0.9287529,0.276305,1.8805174829508,71722.7253916731
1237651737380782638,210.132084495699,2.90732075047771,18.89888,22.68559,20.33898,18.40674,17.99511,3.786713,1.440096,1.932234,0.4921379,0.9037762,0.246754,1.84018160196771,65065.7377192426
1237651737380782652,210.136207769169,2.94161613501906,19.98431,23.63537,21.37324,19.49936,19.23506,3.651056,1.388933,1.873882,0.4849491,0.7492542,0.271464,1.95333447659361,70647.6985212983
1237651737380782740,210.160769664392,2.97160183876818,21.25004,23.77683,22.00312,21.14013,21.98363,2.526789,0.7530746,0.8629894,0.1099148,-0.7335835,0.270599,1.91630374602086,70454.978005297
1237651737380782754,210.161360845066,2.90183615248189,21.5899,22.25775,22.53488,21.96177,21.73147,0.6678448,0.9449787,0.5731106,-0.3718681,-0.1415653,0.228476,1.41834457710311,60833.4066472842
1237651737380782763,210.166329185786,2.94229893515536,21.55204,22.89976,22.06159,21.52842,21.07924,1.347721,0.5095501,0.5331726,0.02362251,0.4727955,0.202094,1.59159161693023,54566.4509666989
1237651737380782776,210.168839480996,2.96166381033423,19.93644,23.16313,21.29584,19.39631,19.09546,3.226685,1.359398,1.899525,0.5401268,0.8409767,0.274079,1.7363379654741,71229.1503094145
1237651737380782805,210.176193608386,2.90205580212488,20.9849,22.88634,21.57699,20.67883,20.40585,1.901447,0.5920906,0.8981609,0.3060703,0.5790443,0.212267,1.2157557946792,57005.3633206407
1237651737380782828,210.180870455964,2.96360315749487,19.63373,22.76376,20.87048,19.05345,18.67081,3.130037,1.23675,1.817028,0.5802784,0.9629192,0.261122,1.63570221992689,68330.799514344
1237651737380782842,210.181564032393,2.89351683835348,19.64327,24.18787,21.12843,19.11087,18.7056,4.544605,1.485161,2.017557,0.5323963,0.937664,0.283236,1.11330565448454,73251.4383981481
1237651737380782856,210.184912510407,2.94891516358023,21.01527,22.80898,21.71228,20.78426,20.57608,1.793709,0.6970119,0.9280167,0.2310047,0.4391842,0.262687,1.44640961189793,68683.1792206572
1237651737380782869,210.185693436641,2.91010900912483,19.68906,22.0527,20.82938,19.11105,18.69109,2.36364,1.140316,1.718325,0.5780087,0.9979744,0.299936,1.12738693628568,76884.6608211164
1237651737380782896,210.193783596733,2.98432186986261,19.08219,22.08218,20.54378,18.55484,18.17688,2.99999,1.461594,1.988945,0.5273514,0.9053097,0.277968,1.76142569988518,72090.6298693399
1237651737380782911,210.194234827211,2.92098855431078,19.05348,21.89885,20.43814,18.52551,18.2959,2.845373,1.384663,1.912634,0.5279713,0.7575817,0.270486,1.09443261367349,70429.7847255151
1237651737380782921,210.197367846438,2.97442905650572,20.03478,23.97267,21.39993,19.64372,19.22379,3.937893,1.365147,1.756208,0.3910618,0.8109894,0.271257,1.61541234247024,70601.6076367576
1237651737380782943,210.200411495842,2.893752444786,19.30937,22.20588,20.57072,18.79146,18.45972,2.896513,1.261351,1.779259,0.5179081,0.8496456,0.242801,0.853472529745302,64157.8957255172
1237651737380782963,210.204498679993,2.90917060233692,21.97382,23.02739,23.6135,22.84168,22.12988,1.053572,1.639675,0.7718124,-0.8678627,-0.1560631,0.287739,0.882580501732774,74238.0549610444
1237651737380783002,210.213749489732,2.98481377971312,19.2617,22.29916,20.58673,18.84867,18.49061,3.037457,1.325035,1.73807,0.4130344,0.7710876,0.25859,1.63809221762116,67759.3289436587
1237651737380783007,210.213638741954,2.91188447545614,20.12036,23.04122,21.48918,19.63345,19.33517,2.920855,1.36882,1.855736,0.4869156,0.7851887,0.278101,0.794923335644729,72120.0316142238
1237651737380783013,210.21667670149,2.98954230512026,19.66417,25.32244,21.09183,19.14508,18.87428,5.65827,1.427654,1.946751,0.5190964,0.789896,0.277991,1.68504574068785,72095.7412508497
1237651737380783037,210.220631645762,2.96152803452956,20.62044,22.11802,21.3019,20.54903,20.29229,1.497585,0.6814556,0.7528667,0.07141113,0.3281536,0.300567,1.29620892081621,77020.5560913308
1237651737380783039,210.22078461442,2.9516916330459,19.89226,23.20093,21.29727,19.44328,19.12702,3.30867,1.405016,1.853994,0.4489784,0.7652321,0.287899,1.16966817937697,74273.0117921331
1237651737380783093,210.236629043814,2.96317065666756,22.00891,24.45856,22.40864,21.74986,21.30878,2.449652,0.3997326,0.6587791,0.2590466,0.7001266,0.205144,1.24206918916784,55300.6463909679
1237651737380783130,210.244813795354,2.90695008207752,20.14986,24.46999,21.56583,19.67447,19.2261,4.320133,1.415977,1.891367,0.4753895,0.9237537,0.296496,0.449255304686018,76142.0135762202
1237651737380783134,210.244943363211,2.90393893123729,20.07025,24.85474,21.5171,19.62712,19.22971,4.784496,1.446857,1.889988,0.4431305,0.8405361,0.290841,0.410347901934113,74914.701409699
1237651737380783174,210.252834455019,2.95986199070004,19.66808,23.44684,21.14464,19.16189,18.75725,3.778759,1.476559,1.982754,0.5061951,0.9108295,0.290879,1.15820438165834,74922.9815220807
1237651737380783177,210.253863694975,2.98350293947908,19.65294,22.01937,20.67742,19.21294,18.95885,2.366434,1.024481,1.464472,0.439991,0.694088,0.241747,1.49237281334874,63915.1602155584
1237651737380783187,210.255466019904,2.93591540058088,19.82068,24.60722,21.17486,19.29727,18.9673,4.786533,1.354174,1.877592,0.5234184,0.8533802,0.26177,0.816619715138007,68476.7890144302
1237651737380783240,210.264921081904,2.91306314631762,19.11171,25.42081,20.53882,18.61473,18.28482,6.309099,1.427109,1.924086,0.4969769,0.8268871,0.26452,0.499022526003574,69095.0904113807
1237651737380783257,210.267515348582,2.8959847578841,20.26014,24.55225,21.6785,19.79995,19.43213,4.292112,1.41836,1.878546,0.460186,0.8280067,0.294161,0.278628614198566,75636.2121816759
1237651737380783277,210.272781423132,2.92348223905901,19.27084,25.03477,20.74531,18.7635,18.38144,5.763931,1.474468,1.981804,0.5073357,0.8893967,0.278745,0.669614672124799,72262.2867535459
1237651737380783278,210.274449509605,2.92259314893022,22.32629,24.84182,24.44953,23.7466,22.74728,2.515528,2.123234,0.7029247,-1.420309,-0.4209881,0.227316,0.665174641908786,60561.7947457173
1237651737380783282,210.274934562331,2.98674050261135,19.61998,22.30231,20.87986,19.07724,18.78493,2.682329,1.259884,1.802622,0.542738,0.8350468,0.265838,1.55405162328909,69390.7602250559
1237651737380783417,210.213314645046,2.91540030717034,22.4304,23.33066,24.66848,22.84044,21.55133,0.9002647,2.238087,1.828043,-0.4100437,0.8790665,0.20545,0.829223835297857,55374.1667098922
1237651737380847723,210.288002245693,2.91468712170034,22.13824,25.54843,24.46488,23.145,22.16991,3.410187,2.326639,1.319887,-1.006752,-0.0316658,0.294657,0.661448895110836,75743.7724491571
1237651737380847730,210.296676528541,2.91460417033109,18.01453,20.75419,19.23721,17.55299,17.29267,2.739662,1.222679,1.684221,0.4615421,0.721859,0.214953,0.744171300144137,57644.590533376
1237651737380847735,210.299827715849,2.90787521263696,20.05,24.87832,21.39552,19.48338,19.06699,4.828323,1.345514,1.91214,0.5666256,0.9830074,0.293451,0.717712403751049,75482.1697495809
1237651737380847760,210.328073418806,2.99447316344869,18.19793,22.47241,19.74877,17.82503,17.40964,4.274477,1.55084,1.92374,0.3729,0.7882919,0.25959,1.91829409075493,67985.2378347055
1237651737380847847,210.289037639499,2.96973785810823,18.49147,21.84149,19.87669,17.97472,17.58853,3.350019,1.38522,1.901962,0.5167427,0.9029369,0.230116,1.3652397364765,61216.7776573755
1237651737380847865,210.345690789467,2.95876345659421,18.60624,22.33227,19.98808,18.13809,17.79014,3.726028,1.381842,1.849987,0.4681454,0.8160973,0.237534,1.67976895479122,62941.90993608
1237651737380847866,210.35503010108,2.96784669518092,18.83012,23.49843,20.27251,18.29249,17.94378,4.668308,1.44239,1.980024,0.5376339,0.8863392,0.254007,1.86450218660285,66720.6968173814
1237651737380847942,210.338483937141,2.90620611639195,19.65994,21.71386,20.62385,19.26681,19.0228,2.053913,0.9639015,1.35704,0.3931389,0.6371403,0.280073,1.19837222572338,72555.3101440877
1237651737380848061,210.282010264409,2.90105692766834,20.19799,22.25594,21.07065,19.8812,19.61335,2.057947,0.8726654,1.189453,0.3167877,0.5846367,0.284558,0.461020695783779,73541.6322219648
1237651737380848074,210.287916778027,2.98916858626825,19.36492,23.43885,20.73218,18.83311,18.45234,4.073933,1.367258,1.899065,0.5318069,0.9125748,0.246496,1.62513781389509,65006.5927772856
1237651737380848078,210.290577656771,2.95032951611981,19.83841,23.11301,21.09404,19.44367,19.21545,3.274601,1.255632,1.650372,0.3947392,0.6229649,0.274043,1.11593690553768,71221.1572183343
1237651737380848082,210.290932709323,3.00191589444805,19.43068,21.97965,20.58177,18.89446,18.54617,2.548967,1.151094,1.687309,0.5362148,0.8845062,0.26693,1.81099720976019,69635.3624091649
1237651737380848124,210.299586250689,2.94206017638121,22.10291,26.31256,23.08858,22.38439,21.75548,4.209648,0.985672,0.7041893,-0.2814827,0.3474293,0.216798,1.07312398212499,58082.5564941496
1237651737380848130,210.302528716771,3.00130922164846,20.58899,22.10589,21.23525,20.53433,20.82228,1.516903,0.6462631,0.7009182,0.05465508,-0.2332897,0.291776,1.85124778805024,75118.1719223956
1237651737380848142,210.308666077094,2.96071191710317,19.89168,23.47338,21.11472,19.43601,19.10378,3.581703,1.223038,1.678707,0.4556694,0.7879009,0.215446,1.36586047776036,57761.7206757113
1237651737380848190,210.317569538533,2.89191503143459,19.56412,22.07322,20.64433,19.12521,18.80057,2.5091,1.080214,1.519123,0.4389095,0.7635441,0.22543,0.856905578553903,60119.4285588157
1237651737380848226,210.329392168314,2.94281126061462,19.10844,22.83825,20.43151,18.5395,18.11384,3.729811,1.323069,1.892014,0.5689449,0.9946022,0.245468,1.35645504848334,64770.8495144897
1237651737380848269,210.343651240319,2.98529551100213,21.2416,23.12252,21.81455,21.94827,22.7035,1.880919,0.5729446,-0.1337204,-0.706665,-1.461901,0.250849,1.93682617212429,66001.8153315966
1237651737380848310,210.360147478117,2.90791477901553,19.58504,23.27751,20.98942,19.04829,18.69837,3.692471,1.404383,1.941128,0.5367451,0.8866615,0.256922,1.49842475457565,67381.9554994119
1237651737380848325,210.366146424457,2.9253730949465,19.86773,22.53677,20.86549,19.37181,19.02727,2.669039,0.9977551,1.493675,0.4959202,0.8404598,0.215015,1.66305490394342,57659.320377678
1237651737380848344,210.370138900551,2.94246557551024,20.42317,22.25789,21.04874,20.16326,20.03864,1.834717,0.6255741,0.8854828,0.2599087,0.3845272,0.211299,1.8229956810497,56774.4825536232
1237651737380848349,210.368076759738,2.93555352943727,19.06927,22.28693,20.60361,18.54712,18.15848,3.217661,1.534346,2.056496,0.52215,0.9107895,0.292759,1.75018990994592,75331.8591760089
1237651737380848421,210.390895329465,2.90108063229317,19.93209,21.71984,20.64001,19.8963,19.03354,1.787745,0.7079163,0.7437096,0.0357933,0.8985577,0.250432,1.9021137079494,65906.6951643201
1237651737380848623,210.346558166121,2.98826384040351,22.00707,24.76654,23.17776,21.85147,22.45498,2.759462,1.170691,1.326294,0.1556034,-0.4479008,0.251079,1.99545681893128,66054.2505722109
1237651737380848840,210.357549505315,2.92277909317163,22.02022,22.06542,23.1229,23.30675,22.19436,0.04519463,1.102673,-0.1838531,-1.286526,-0.1741352,0.203031,1.53671352148611,54792.2945494283
1237651754560389146,210.158922773938,2.88181908658858,20.52488,23.16359,21.65866,20.19781,20.60305,2.638706,1.133778,1.46085,0.3270721,-0.07816696,0.249294,1.41439620067352,65646.8808987239
1237651754560389162,210.194727348528,2.85707983809934,18.53173,21.99699,19.87095,18.0621,17.78413,3.465263,1.33922,1.808847,0.4696274,0.7476025,0.243173,0.955555940035144,64243.5146752814
1237651754560389181,210.229779242037,2.87731789505763,19.51764,23.7707,20.98047,19.0223,18.81623,4.253067,1.462833,1.958168,0.4953346,0.7014084,0.292946,0.409459255930471,75372.4906819421
1237651754560389226,210.253467623549,2.85655349019124,20.68313,21.9568,21.09092,20.56441,20.54394,1.273666,0.4077892,0.5265102,0.118721,0.1391926,0.222996,0.3196074655967,59547.1154055582
1237651754560389388,210.138336551215,2.89370949858496,18.92981,26.14173,20.46751,18.3879,17.95612,7.211926,1.537699,2.079611,0.5419121,0.9736919,0.295894,1.71908290158158,76011.7438357537
1237651754560389413,210.197151391844,2.83568564240023,18.89722,21.41374,19.89863,18.49576,18.28428,2.516516,1.001408,1.402866,0.4014587,0.6129456,0.213053,1.06236625611414,57192.6158282794
1237651754560389418,210.20373045178,2.86730441742516,18.15114,21.9629,19.66947,17.61189,17.20325,3.811758,1.518326,2.057575,0.5392494,0.9478874,0.26074,0.794375802577946,68244.7015527795
1237651754560389422,210.205449400225,2.85602100654816,18.18377,21.57644,19.79866,17.58456,17.14342,3.392673,1.614895,2.214096,0.5992012,1.040342,0.29885,0.81860278627196,76650.532067493
1237651754560389444,210.244038938633,2.8244550631651,18.53883,21.9187,19.88342,17.95496,17.76157,3.379873,1.344585,1.928452,0.5838661,0.7772636,0.240858,0.794137623779928,63710.1672506584
1237651754560389447,210.250447915458,2.88695711481145,18.92311,22.1283,20.37462,18.41068,18.03439,3.205183,1.451508,1.963936,0.5124283,0.8887253,0.259463,0.167327558868745,67956.5727024058
1237651754560389448,210.249231573288,2.89074739740016,19.29177,21.41552,20.21213,18.94955,18.58757,2.123758,0.9203625,1.262577,0.3422146,0.7041912,0.273927,0.219446934213322,71195.4023773307
1237651754560389456,210.25220772331,2.86380967256985,18.25491,21.72242,19.84213,17.69434,17.37507,3.467514,1.587225,2.147793,0.5605679,0.879837,0.289896,0.227190524866393,74708.8269751492
1237651754560389473,210.243133691519,2.8889712247926,18.68907,23.64829,20.2298,18.16426,17.70805,4.959219,1.540724,2.065538,0.5248146,0.9810219,0.272351,0.265587950328218,70845.1324268144
1237651754560389520,210.155779744368,2.85008979206505,19.56987,21.42334,20.35808,19.25386,18.82208,1.853468,0.7882137,1.104225,0.3160114,0.7477837,0.280413,1.51279197430204,72630.2821137911
1237651754560389555,210.245102903044,2.88538268142153,18.61045,20.74894,19.66389,18.15849,17.746,2.138485,1.053436,1.505396,0.4519596,0.8644485,0.277793,0.215531342633348,72051.9475524131
1237651754560389622,210.128243932204,2.87760778443666,18.43138,20.8504,19.5455,17.9125,17.62056,2.419018,1.114117,1.633001,0.5188847,0.8108196,0.225618,1.8485460876534,60163.5654011953
1237651754560389633,210.12989232549,2.84995280658615,20.08417,23.31933,21.32507,19.72189,19.44481,3.235165,1.240902,1.603178,0.3622761,0.6393604,0.282787,1.8695051553205,73152.7653855086
1237651754560389636,210.131641292554,2.8778942377439,19.34603,22.09962,20.63477,18.73371,18.40438,2.753588,1.288736,1.901052,0.6123161,0.9416504,0.30202,1.80036263298066,77333.1235759721
1237651754560389657,210.140255125786,2.87101777898972,21.08806,23.18185,22.29099,20.96065,19.985,2.093788,1.202927,1.330338,0.1274109,1.10306,0.300956,1.68156890354171,77104.2823570667
1237651754560389667,210.142310103592,2.84679294912272,21.21144,22.83044,21.94769,21.05585,21.5907,1.618998,0.7362461,0.8918362,0.1555901,-0.3792648,0.293682,1.70931953063887,75532.289525818
1237651754560389693,210.152663834112,2.88815521748893,19.83449,22.33672,20.79259,19.5438,19.09496,2.50223,0.9581032,1.248795,0.2906914,0.7395248,0.281916,1.50859670464877,72961.2450321358
1237651754560389722,210.156685723189,2.89031782772937,19.10342,26.2457,20.40486,18.5941,18.23845,7.142277,1.301439,1.81076,0.5093212,0.8649731,0.252035,1.45505496482966,66272.1062290578
1237651754560389759,210.169442460593,2.87049244651925,21.73757,24.32154,24.76444,20.71908,20.88528,2.583969,3.026869,4.045355,1.018486,0.8522911,0.229171,1.26953560551731,60995.9611155371
1237651754560389862,210.207777628195,2.88451846706938,19.49404,22.72804,20.93543,19.15971,18.7429,3.233999,1.441389,1.775713,0.3343239,0.7511349,0.297684,0.726120207146991,76398.8031626961
1237651754560389878,210.211261954201,2.86770372673038,19.74955,22.91333,21.18826,19.24112,18.88909,3.16378,1.438715,1.947147,0.5084324,0.8604565,0.282183,0.688803685721491,73019.9590062938
1237651754560389892,210.213768128495,2.87939631245539,19.91975,22.46972,20.85118,19.51485,19.37456,2.549973,0.9314346,1.336332,0.4048977,0.5451889,0.218113,0.636242776856016,58394.1482973942
1237651754560389925,210.223738587484,2.81622292598388,20.50079,22.34011,21.40112,20.53907,20.29473,1.839312,0.9003258,0.862051,-0.03827477,0.2060642,0.282903,1.0126393460104,73178.2571268826
1237651754560389932,210.22624779425,2.8441039845071,19.42346,22.44218,20.81468,18.8728,18.52565,3.018719,1.391216,1.941877,0.5506611,0.8978176,0.273172,0.66992963476885,71027.6863787263
1237651754560389939,210.229687393369,2.84443590045988,19.23855,24.32191,20.75896,18.75644,18.33822,5.083355,1.520409,2.002522,0.4821129,0.9003315,0.286796,0.633898486782132,74031.8547743246
1237651754560389953,210.232836832727,2.86008175609117,21.24156,23.29416,21.99804,21.12018,20.73549,2.052593,0.7564793,0.8778648,0.1213856,0.5060692,0.30053,0.449360783641168,77012.574072973
1237651754560389958,210.231019256971,2.79561269700826,19.0346,22.74522,20.62841,18.48341,18.06805,3.710617,1.593807,2.144999,0.5511913,0.9665451,0.298896,1.23954788695451,76660.4583458016
1237651754560389960,210.232299438045,2.81806530138639,19.48445,24.15072,20.90104,18.93694,18.69994,4.666279,1.416592,1.964102,0.5475101,0.7845039,0.264177,0.935171512414146,69018.0841110851
1237651754560389969,210.234583629409,2.82141881256668,19.42333,22.96913,20.98642,18.87379,18.55742,3.545805,1.563093,2.112635,0.5495415,0.8659039,0.300796,0.878665835890109,77069.8521782953
1237651754560389992,210.24038018797,2.77846548078549,18.71257,21.16253,19.90943,18.24458,17.90347,2.449957,1.196861,1.664856,0.4679947,0.8090973,0.269525,1.44287393831351,70215.428993637
1237651754560389997,210.242969402628,2.82053354088997,19.38612,22.76348,20.83176,18.84905,18.65929,3.377363,1.445642,1.982706,0.5370636,0.7268276,0.289797,0.851827741560493,74687.2577287085
1237651754560390000,210.241559431596,2.82769806288293,21.28736,23.53827,21.90602,21.03035,20.70005,2.250904,0.6186581,0.8756676,0.2570095,0.5873089,0.259291,0.760248356665247,67917.6998434406
1237651754560390011,210.244272434724,2.87974170732132,20.02251,22.95289,20.89027,19.59329,19.40653,2.930386,0.8677635,1.296982,0.4292183,0.6159744,0.219654,0.204473913589761,58758.7019222191
1237651754560390032,210.247590992519,2.84386393717618,19.70616,22.5413,21.04405,19.23188,18.92664,2.83514,1.337891,1.812172,0.4742813,0.7795238,0.255994,0.515567336593227,67171.6743955088
1237651754560390042,210.249178488746,2.86719091656289,19.31575,24.08098,20.81747,18.80975,18.4701,4.765232,1.501726,2.007723,0.5059967,0.8456459,0.27993,0.208855751220195,72523.7936475078
1237651754560390055,210.250460064312,2.87791666312627,21.39616,24.93325,23.45987,21.17038,20.93689,3.537086,2.063711,2.289492,0.2257805,0.4592724,0.265072,0.116225115052285,69218.9805205696
1237651754560390056,210.250782013677,2.88126016221441,22.36069,25.3949,24.10814,23.62897,22.37925,3.03421,1.747456,0.4791756,-1.26828,-0.01856041,0.227619,0.118225846204414,60632.7818987544
1237651754560390211,210.190896216005,2.84613854115446,21.67354,25.62301,23.12897,20.88915,21.13626,3.949471,1.455423,2.239813,0.7843895,0.5372887,0.298352,1.06436919215895,76543.0576613561
1237651754560390242,210.217268056254,2.82879769194653,22.32679,26.1937,24.21322,22.20796,21.81857,3.866913,1.886433,2.00526,0.1188278,0.5082207,0.277926,0.917104405180407,72081.3552603401
1237651754560454691,210.255129097557,2.85446787112506,19.94711,24.45416,21.34197,19.46249,19.16917,4.507057,1.394865,1.879484,0.4846191,0.7779331,0.263779,0.344302298490567,68928.7003577761
1237651754560454701,210.277395516628,2.84871278705587,17.81564,21.43579,19.27337,17.31129,16.89966,3.620146,1.457727,1.962076,0.5043488,0.9159775,0.236533,0.499092384014247,62709.9735474459
1237651754560454751,210.307210424347,2.78306738043073,19.47526,22.41563,20.89496,18.90513,18.55413,2.940369,1.419699,1.98983,0.5701313,0.9211254,0.29484,1.5191539582506,75783.4359549868
1237651754560454807,210.263058616007,2.8791671988786,18.66105,22.62924,20.24326,18.14992,17.90691,3.968193,1.582211,2.093342,0.5111313,0.754137,0.293009,0.063415527451874,75386.1879048151
1237651754560454809,210.260903565688,2.86783258826875,19.18873,24.64024,20.74038,18.68842,18.33479,5.451511,1.551657,2.05196,0.5003033,0.853941,0.279914,0.154359451265589,72520.2710457074
1237651754560454811,210.264514971995,2.8766561510808,18.94041,23.5931,20.42304,18.4277,18.20631,4.652695,1.482632,1.995344,0.5127125,0.7340984,0.266838,0.087172758366395,69614.7860658391
1237651754560454812,210.261915667748,2.8691261342424,18.95156,22.76966,20.42116,18.42876,18.02545,3.818092,1.469593,1.992395,0.5228024,0.9261112,0.262991,0.140521083912205,68751.5520906493
1237651754560454817,210.266367069086,2.87251359518117,19.58565,25.86743,20.95496,19.04105,18.78456,6.281778,1.369314,1.913916,0.5446014,0.8010826,0.289518,0.138372151249695,74626.4087006491
1237651754560454818,210.257893135619,2.86459250248527,19.79994,23.02544,21.10842,19.33177,19.065,3.225496,1.308477,1.776648,0.4681702,0.7349396,0.252019,0.197261361470829,66268.4410673555
1237651754560454820,210.255410394543,2.87011517189005,19.90101,23.25848,21.34972,19.4022,19.04362,3.357466,1.448706,1.947523,0.4988174,0.8573971,0.279919,0.127119240111433,72521.3751517981
1237651754560454828,210.255325325166,2.87267412978737,20.96318,22.84715,21.51467,20.78025,20.46032,1.88397,0.5514889,0.7344112,0.1829224,0.5028591,0.210712,0.0947405080820131,56634.3688351981
1237651754560454854,210.276996664853,2.83955231384836,19.07661,22.5312,20.66395,18.54074,18.17316,3.454592,1.587343,2.123209,0.5358658,0.9034481,0.299747,0.610624444665104,76843.9215859004
1237651754560454855,210.279255247955,2.83983364787042,19.73987,23.09757,21.1118,19.23976,18.84773,3.357704,1.371935,1.872044,0.5001087,0.8921356,0.281207,0.62141442241201,72805.180527684
1237651754560454886,210.304493463119,2.7728549196657,19.34551,23.26191,20.82587,18.84348,18.4801,3.916397,1.48036,1.982389,0.5020294,0.8654118,0.259103,1.63397236452172,67875.2646965724
1237651754560454941,210.255925068769,2.86167192164873,19.80612,25.69235,21.26753,19.27443,18.97482,5.886229,1.461405,1.993099,0.5316944,0.8312988,0.289801,0.241518021994206,74688.1153484818
1237651754560454953,210.278242691643,2.87213461605453,17.90384,21.18399,19.42751,17.37906,17.09457,3.280153,1.523674,2.048458,0.5247841,0.8092651,0.257282,0.292077520999809,67463.4683375772
1237651754560454954,210.279557122637,2.87035905772123,20.01473,24.84725,21.41946,19.46646,19.26915,4.832525,1.404732,1.952999,0.5482674,0.7455826,0.29128,0.318088846777613,75010.2768028915
1237651754560454960,210.277011389835,2.78838476677027,19.5561,21.8723,20.40989,20.28863,21.40391,2.316202,0.8537941,0.1212578,-0.7325363,-1.847816,0.240827,1.30492327962529,63703.0170312966
1237651754560454972,210.308175073527,2.85247088734344,18.3173,21.13372,19.71254,17.73347,17.31096,2.816412,1.395239,1.979073,0.5838337,1.006348,0.281111,0.79328327909819,72784.0489577057
1237651754560454975,210.308298031721,2.761292279895,19.14342,22.2289,20.58028,18.58456,18.27312,3.085482,1.436859,1.995714,0.5588551,0.8703022,0.270241,1.80607366250355,70375.1614004748
1237651754560454986,210.317276247965,2.75365291715878,17.70881,21.28501,19.15039,17.1888,16.86668,3.576206,1.441587,1.961592,0.5200043,0.8421268,0.237039,1.95698039828224,62827.2318018166
1237651754560454996,210.362329582396,2.87870800599185,18.20298,20.51818,19.26209,17.76409,17.37768,2.315195,1.059109,1.498003,0.4388943,0.8253021,0.250568,1.4699153750915,65937.7270875135
1237651754560454997,210.360370592803,2.87997014724049,19.17044,22.72174,20.66056,18.62855,18.30023,3.5513,1.49012,2.032009,0.5418892,0.870203,0.283108,1.44229709371087,73223.311219191
1237651754560455001,210.368412438019,2.81574021584827,18.20869,21.2058,19.523,17.69761,17.37679,2.997108,1.314304,1.825388,0.5110836,0.8319035,0.228977,1.792902439486,60950.5815581714
1237651754560455002,210.367282598787,2.82081972718764,19.23619,20.84501,20.10243,18.81987,18.57254,1.608824,0.8662453,1.282564,0.4163189,0.6636486,0.265602,1.74404737880453,69337.8471124261
1237651754560455003,210.371237792346,2.81755823777305,18.86255,21.67514,20.08151,18.40093,18.02286,2.812584,1.218958,1.68058,0.4616222,0.8396969,0.218932,1.81534404759619,58587.9968020047
1237651754560455007,210.383666010916,2.8332209292837,18.51373,21.88532,19.975,18.04531,17.67232,3.371592,1.461279,1.929695,0.4684162,0.8414097,0.23852,1.88519328120139,63170.1057681579
1237651754560455022,210.255709519227,2.8498886179651,20.00759,22.00176,21.02872,19.90398,19.87237,1.994171,1.021132,1.124737,0.1036053,0.1352234,0.269767,0.407805293565727,70269.4326035086
1237651754560455028,210.263848565762,2.76327942571773,19.52439,21.61407,20.42447,19.20999,18.9905,2.08968,0.9000702,1.214474,0.3144035,0.5338974,0.262753,1.63668006264285,68698.0356028285
1237651754560455036,210.275979358979,2.81631187835331,19.23129,21.09535,20.0217,18.89027,18.7587,1.864052,0.7904091,1.131435,0.3410263,0.4725914,0.214714,0.915874474730157,57587.8142464563
1237651754560455038,210.279792362949,2.8288263465436,20.34293,22.02688,20.96509,19.99994,19.62579,1.683943,0.6221561,0.9651451,0.342989,0.717144,0.226217,0.765792340061902,60304.141092063
1237651754560455049,210.311815825761,2.83622337781829,21.70786,24.64176,24.62879,21.09593,21.17353,2.933901,2.920937,3.53286,0.6119232,0.5343285,0.250673,0.963249880603248,65961.6844326977
1237651754560455083,210.35511996875,2.84462016471292,19.27927,21.07944,20.05802,18.98656,18.69704,1.800177,0.7787552,1.071463,0.2927074,0.5822258,0.257553,1.44966382196254,67524.7965750997
1237651754560455100,210.391097032887,2.83786765724642,19.98786,21.46737,20.69791,19.59937,19.23863,1.479511,0.7100506,1.098539,0.3884888,0.7492218,0.271609,1.9642032602508,70680.0033501061
1237651754560455145,210.256180627964,2.80666616320292,19.59307,22.21935,20.7713,19.2165,18.80056,2.626286,1.178236,1.554804,0.3765678,0.792511,0.298348,1.01977890507402,76542.182793637
1237651754560455157,210.259760100316,2.8240908728176,20.00435,23.65516,21.37511,19.46833,19.13601,3.650814,1.370756,1.906773,0.5360165,0.8683395,0.286822,0.772019940158855,74037.5399690722
1237651754560455161,210.261615469306,2.79901404724942,19.80402,23.81983,21.17149,19.24667,18.85144,4.01581,1.367468,1.92482,0.5573521,0.9525833,0.289096,1.12858532776806,74534.3568921205
1237651754560455168,210.260717685764,2.83959961412403,19.67022,23.51443,21.15952,19.1616,18.85619,3.844219,1.4893,1.997917,0.5086174,0.8140221,0.295745,0.552511391629899,75979.4847659655
1237651754560455192,210.267981296098,2.81608854180844,19.55368,25.75953,20.94518,19.06951,18.77502,6.205841,1.391495,1.875671,0.4841766,0.7786655,0.267849,0.895289687166865,69840.9789813678
1237651754560455195,210.267346080238,2.78570785677787,20.84982,23.5359,22.88172,20.45438,20.60145,2.686075,2.031902,2.427347,0.3954449,0.2483673,0.273268,1.32243678569087,71049.0132198551
1237651754560455211,210.271108910984,2.88141347155714,19.02398,21.76378,20.35912,18.56703,18.35345,2.739803,1.33514,1.792091,0.4569511,0.6705303,0.281987,0.181630513095728,72976.8496703927
1237651754560455224,210.273176658238,2.87499437950778,19.80895,22.8765,21.13363,19.34329,18.93632,3.067545,1.32468,1.790337,0.4656563,0.8726349,0.280992,0.211895887802156,72757.847796082
1237651754560455247,210.276963257579,2.86355167419495,19.57859,22.23129,20.90034,19.0871,18.7186,2.652691,1.321741,1.813232,0.4914913,0.8599911,0.294309,0.335127189857624,75668.3239039461
1237651754560455264,210.28033874609,2.8607454183957,19.43473,21.71356,20.43005,19.14899,18.85522,2.278833,0.9953232,1.281065,0.2857418,0.5795097,0.296834,0.397385072394532,76215.1052366446
1237651754560455278,210.285694075534,2.81392757358318,18.47044,21.24172,19.78453,17.95849,17.64133,2.77128,1.314083,1.826036,0.5119534,0.8291149,0.250211,0.993157546052606,65856.2613239643
1237651754560455292,210.288673255624,2.81838890253468,19.66461,23.1454,21.09721,19.15786,18.80527,3.480791,1.432602,1.939344,0.5067425,0.8593388,0.271665,0.953166877597638,70692.4513393131
1237651754560455305,210.292988116968,2.88776530444734,21.43857,23.23833,22.07689,21.32522,20.91895,1.799757,0.6383228,0.7516689,0.1133461,0.519619,0.277145,0.504478138484709,71908.6650897855
1237651754560455321,210.296902490338,2.87883934268197,19.76799,22.84934,21.18802,19.22757,18.91879,3.081352,1.420031,1.960447,0.5404167,0.849205,0.282747,0.542437307727807,73143.9878873631
1237651754560455330,210.299516906636,2.87612646756331,20.88371,22.61525,21.46564,20.77652,20.30161,1.731531,0.5819302,0.689127,0.1071968,0.5821056,0.22328,0.580428785096622,59613.964525991
1237651754560455344,210.301990388032,2.85660993642229,20.07023,25.75813,21.25648,19.59756,19.25438,5.687895,1.186247,1.658926,0.4726791,0.8158493,0.272079,0.688432549638815,70784.6050989385
1237651754560455363,210.304156905456,2.75663562442414,19.58246,23.28782,21.07897,19.00651,18.64358,3.705355,1.496511,2.07246,0.5759487,0.938879,0.289745,1.84578580951868,74675.9003942474
1237651754560455366,210.305925434122,2.79946113982544,21.04665,22.99449,21.71765,20.95188,21.65319,1.947834,0.6709938,0.76577,0.09477615,-0.6065426,0.230569,1.30652754391076,61322.5467511277
1237651754560455371,210.309148123642,2.84693706072056,19.73492,23.4649,21.1435,19.17579,18.82486,3.729986,1.408585,1.967707,0.5591221,0.9100533,0.285727,0.844397129033972,73797.8568214403
1237651754560455377,210.310356308061,2.82738233700985,19.55983,25.44185,20.83355,19.13788,18.89957,5.882015,1.273712,1.695663,0.4219513,0.6602592,0.241589,1.03118118092175,63878.7286558606
1237651754560455391,210.31342108548,2.76590678719684,19.62214,22.43769,20.9461,19.09832,18.76818,2.815548,1.323959,1.847775,0.5238152,0.8539562,0.274781,1.77647078812824,71384.9490057166
1237651754560455401,210.315753752393,2.74967207931725,22.47312,24.42504,24.52736,22.26133,22.32324,1.951918,2.054235,2.266024,0.2117882,0.1498814,0.290598,1.99943965330916,74861.7934983464
1237651754560455426,210.323378355311,2.80421759401076,20.17262,22.00134,20.92241,19.77531,19.53539,1.828722,0.7497921,1.147102,0.3973103,0.6372261,0.247979,1.39752581807885,65346.2251307753
1237651754560455452,210.32587829109,2.7823235787714,19.35083,22.67725,20.82998,18.84233,18.39205,3.326414,1.479145,1.987652,0.5085068,0.958786,0.293829,1.66464046635965,75564.1863310476
1237651754560455469,210.332223519829,2.81907142387232,20.05309,25.72026,21.5301,19.58729,19.15593,5.66717,1.477001,1.942806,0.4658051,0.8971615,0.301028,1.3412642048972,77119.7764109536
1237651754560455509,210.340438047669,2.78861177169326,19.41125,22.42372,20.80066,18.85834,18.61748,3.012474,1.38942,1.942326,0.552906,0.793766,0.275259,1.72379934392481,71490.9646354639
1237651754560455511,210.341127454047,2.81269488729721,20.52952,23.16683,21.64457,20.64744,20.68815,2.637312,1.115049,0.9971275,-0.1179218,-0.1586323,0.237691,1.4963569689557,62978.2630820094
1237651754560455524,210.342781119401,2.79652348672392,18.71951,21.36812,20.05479,18.18224,17.84457,2.648619,1.335285,1.872549,0.5372639,0.8749332,0.276654,1.6660626123795,71800.0045588752
1237651754560455525,210.344906556042,2.798520267168,19.32149,22.80954,20.72429,18.78743,18.44773,3.488052,1.402803,1.936855,0.5340519,0.8737583,0.261258,1.66835976303639,68361.4513270991
1237651754560455528,210.343490506618,2.82477894547391,19.8604,22.9278,21.00632,19.43709,19.36842,3.067398,1.145916,1.569235,0.4233189,0.4919853,0.27785,1.4239701738068,72064.5702332892
1237651754560455547,210.344534310352,2.7728945207414,20.61888,22.21328,21.21549,20.46022,20.61671,1.594398,0.5966148,0.7552738,0.158659,0.002164841,0.26123,1.93090829071378,68355.1386829735
1237651754560455597,210.357641774039,2.79357018389386,19.22239,23.01179,20.54329,18.72752,18.28992,3.7894,1.320898,1.815765,0.4948673,0.9324627,0.241923,1.84987102137446,63955.7052132309
1237651754560455598,210.356186097476,2.79222215189182,19.34969,25.43023,20.81215,18.84943,18.45001,6.080542,1.462467,1.962725,0.5002575,0.8996773,0.270921,1.84689068991079,70526.7395326571
1237651754560455629,210.361895332394,2.80847099677409,20.01575,22.97693,21.26891,19.57091,19.16181,2.96118,1.253155,1.698,0.4448452,0.8539371,0.296575,1.76914740558038,76159.1095438579
1237651754560455656,210.371023518088,2.84132561125906,19.8783,22.88585,21.19178,19.3811,19.00006,3.007549,1.313482,1.810675,0.4971924,0.8782406,0.298935,1.6781542446883,76668.8412653166
1237651754560455675,210.376450020836,2.80860221959118,19.40761,22.12514,20.70405,18.88817,18.65281,2.717531,1.296446,1.815882,0.5194359,0.7547989,0.264572,1.94237588387324,69106.7845630139
1237651754560455830,210.254984079272,2.79868227184849,21.58303,24.7121,23.43441,21.71005,21.57658,3.129074,1.851381,1.724363,-0.127018,0.006454468,0.206717,1.13369129996409,55678.2867415291
1237651754560455936,210.315080804108,2.84654140146985,22.33613,24.63919,23.93147,22.14609,20.91008,2.303057,1.595345,1.785389,0.1900444,1.426048,0.252662,0.919552938021041,66414.831775969
1237651754560456013,210.364331906126,2.82414316444149,22.38072,23.57567,25.19651,25.0134,21.88585,1.194948,2.815784,0.1831055,-2.632679,0.494873,0.213522,1.6851162867774,57304.2683589521
1237674604288213250,210.201122719004,2.78401380543281,18.35564,22.62135,19.91182,17.80961,17.43949,4.265707,1.556181,2.102215,0.5460339,0.9161491,0.273021,1.56919890043556,70994.1149860444
1237674604288213271,210.168125611268,2.80442683635363,18.81088,22.48383,20.25687,18.31402,17.96119,3.672945,1.44599,1.94285,0.4968605,0.8496914,0.255501,1.65863951507487,67059.8921308775
1237674604288213274,210.203219463359,2.78073164982831,19.11789,24.32376,20.34575,18.63013,18.35167,5.205873,1.227858,1.715624,0.4877663,0.766222,0.206404,1.59432881732254,55603.1845182576
1237674604288213306,210.211558959762,2.77841901036469,19.35102,21.9982,20.68535,18.83877,18.43799,2.647177,1.334332,1.846584,0.5122528,0.9130268,0.295774,1.56915324148684,75985.7563668856
1237674604288213432,210.134670546782,2.83234693290363,20.41622,23.26786,21.40627,20.40049,21.24267,2.851641,0.9900551,1.005781,0.01572609,-0.8264503,0.212165,1.87541317993172,56981.0391587443
1237674604288213499,210.152279697764,2.80293903555833,20.73464,22.51316,21.48052,20.35181,20.80134,1.778524,0.7458801,1.128708,0.3828278,-0.06669617,0.236526,1.85010623671926,62708.3429459859
1237674604288213647,210.209277189611,2.75237210089705,19.25866,21.61965,20.24388,18.80243,18.58125,2.360991,0.9852219,1.44145,0.4562283,0.6774063,0.208794,1.92177816200886,56175.8990976125
1237674604288278557,210.248515947543,2.74665134712251,20.89548,22.97819,21.7214,20.53192,21.02382,2.082708,0.8259201,1.189474,0.363554,-0.1283417,0.227566,1.87652918893388,60620.3567350399
1237674604288278750,210.244658071503,2.74288065522575,18.54611,21.82314,20.0989,17.96873,17.61672,3.277035,1.552794,2.130167,0.5773735,0.929388,0.281862,1.93473438295898,72949.3636653006
1237674604288279442,210.235407731544,2.7604197720824,21.82012,22.25431,23.31613,22.37024,21.40989,0.4341869,1.49601,0.9458885,-0.5501213,0.4102268,0.234846,1.70766632519165,62318.4732559813
